Pertanyaan,Jawaban
apa yang dimaksud dengan penyakit mental?,penyakit mental adalah kondisi kesehatan yang mengganggu pikiran emosi hubungan dan fungsi seseorang mereka dikaitkan dengan kesusahan dan berkurangnya kapasitas untuk terlibat dalam kegiatan kehidupan sehari hari yang biasa penyakit mental jatuh di sepanjang rangkaian keparahan beberapa cukup ringan dan hanya mengganggu beberapa aspek kehidupan seperti fobia tertentu di ujung lain spektrum terletak penyakit mental yang serius yang mengakibatkan gangguan fungsional utama dan gangguan dengan kehidupan sehari hari ini termasuk gangguan seperti depresi berat skizofrenia dan gangguan bipolar dan mungkin mengharuskan orang tersebut menerima perawatan di rumah sakit penting untuk mengetahui bahwa penyakit mental adalah kondisi medis yang tidak ada hubungannya dengan karakter kecerdasan atau kemauan seseorang sama seperti diabetes adalah kelainan pankreas penyakit mental adalah kondisi medis karena biologi otak demikian pula dengan bagaimana seseorang akan mengobati diabetes dengan obat obatan dan insulin penyakit mental dapat diobati dengan kombinasi obat dan dukungan sosial perawatan ini sangat efektif dengan     persen orang yang menerima pengobatan mengalami pengurangan gejala dan peningkatan kualitas hidup dengan perawatan yang tepat sangat mungkin bagi orang dengan penyakit mental untuk mandiri dan sukses 
bagaimana cara mengetahui informasi kesehatan itu baik atau buruk?,siapa pun dapat memposting apa pun secara online terserah para pembaca untuk berpikir kritis tentang informasi untuk memutuskan apakah itu tampaknya membantu jujur atau aman berikut adalah poin poin penting yang perlu diingat ketika anda menentukan informasi mana yang layak dipertimbangkan dan informasi mana yang tidak lulus tes sangat mudah untuk menyebarkan informasi secara online dan kami tidak dapat berasumsi bahwa sumber yang kami baca atau tonton adalah sumber aslinya sebelum anda dapat mengevaluasi apa pun anda perlu tahu dari mana klaim berasal dan menentukan apakah itu sumber yang dapat diandalkan sumber sumber yang dapat diandalkan pada penyakit coronavirus dan covid   termasuk organisasi kesehatan dunia who kementerian pemerintah kanada dan lembaga lembaga seperti health canada dan badan kesehatan masyarakat kanada pemerintah kementerian dan lembaga bc seperti kementerian kesehatan bc dan pusat pengendalian penyakit bc bccdc para ilmuwan dan peneliti di universitas dan institusi lain dan profesional ilmu kesehatan juga merupakan sumber informasi penting berita utama dan judul harus sederhana dan pendek sehingga kadang kadang bisa menyesatkan sendiri mereka mungkin juga sengaja mengejutkan atau kontroversial untuk memikat anda untuk mengklik untuk membaca lebih lanjut situs web milik pemerintah lembaga yang didanai pemerintah penyedia kesehatan terkenal universitas atau kelompok profesional medis umumnya yang paling dapat diandalkan hati hati dengan situs yang tidak mencantumkan penulis atau tidak memberi tahu anda banyak tentang diri mereka sendiri periksa ulang penulis dan kredensial dari ahli yang dikutip atau dikutip untuk melihat apakah mereka benar benar ahli dalam topik yang sedang dibahas dapatkah anda menemukan bukti lain dari sumber lain untuk mendukung klaim apakah penulis mencantumkan sumber mereka apakah sumbernya sah seperti jurnal penelitian sumber sumber yang tidak membantu ingin anda merasakan cara tertentu takut marah tidak percaya rentan frasa seperti melejit tingkat infeksi adalah sensasional dan mereka dimaksudkan untuk membuat orang merasa takut di sisi lain pernyataan faktual seperti kami memiliki   kasus baru di bc memberi anda informasi penting tanpa memainkan emosi anda berita atau sumber informasi yang bermanfaat ingin anda merasa mendapat informasi dan diberdayakan siapa yang membayar situs ini produk atau layanan apa yang diiklankan tautan atau situs lain apa yang mereka promosikan apakah anda mempelajari sesuatu dari cerita atau pengalaman atau apakah anda hanya diarahkan untuk membeli produk atau layanan media sosial bisa menjadi cara yang bagus untuk tetap berhubungan dengan keluarga dan teman terutama saat kami berlatih menjauhkan fisik atau isolasi diri media sosial juga bisa menjadi cara penting untuk belajar dari para ahli kesehatan dan terhubung ke layanan dukungan dan kelompok bantuan timbal balik di komunitas anda seperti sumber informasi lainnya penting untuk menggunakan keterampilan berpikir kritis yang baik ketika anda menggunakan media sosial studi menemukan bahwa mencari informasi kesehatan di media sosial umumnya memiliki hasil yang sangat beragam anda akan melihat kedua sumber berkualitas sangat buruk di sebelah sumber berkualitas baik dan terserah anda untuk memutuskan yang mana selain itu posting media sosial cenderung pendek dan jarang menangkap semua yang perlu anda pertimbangkan mereka umumnya berguna sebagai cara untuk mulai belajar atau mengeksplorasi berbagai sudut pandang daripada tempat untuk mengumpulkan semua informasi kunjungi www mediasmarts ca untuk mempelajari lebih lanjut tentang literasi digital dan media kunjungi www healthnewsreview org untuk mempelajari lebih lanjut tentang berpikir kritis seputar klaim kesehatan sumber ini tidak lagi diperbarui setiap hari tetapi semua toolkit dan pelajaran masih tersedia halaman ini diadaptasi dari evaluasi kesehatan mental dan lembar info informasi penggunaan narkoba 
mengapa saya memerlukan rencana?,ada banyak hal yang tidak dapat anda kendalikan anda tidak dapat mengontrol apa yang terjadi selanjutnya bagaimana pemerintah merespons atau bagaimana tetangga anda bereaksi terhadap pandemi yang dapat anda lakukan adalah membuat rencana dan memutuskan bagaimana anda akan mengelola hal hal yang anda kendalikan seperti kemampuan anda untuk tetap aman mengikuti langkah langkah kesehatan masyarakat tetap terhubung dengan orang yang dicintai dan menjaga kesehatan mental dan fisik anda peristiwa seperti banyak perubahan pandemi dari waktu ke waktu dan ketidakpastian itu dapat menambah rasa takut dan stres yang benar adalah bahwa kita tidak tahu apa yang akan terjadi selanjutnya tetapi itu tidak berarti kita semua tidak berdaya anda bisa melakukan banyak hal kamu bisa petakan jadwal harian termasuk waktu anda dapat terhubung dengan orang yang dicintai secara online atau melalui telepon rencanakan tugas dan tujuan harian beri diri anda jadwal untuk mencari informasi terkini pastikan anda memiliki   hari makanan sehat dan persediaan rumah tangga di rumah simpan obat obatan dan bicarakan dengan dokter anda untuk meminta nasihat jika anda berisiko lebih tinggi mendidik diri sendiri tentang tindakan kesehatan masyarakat dan cari tahu bagaimana anda akan mengikuti instruksi tersebut cari tahu bagaimana anda akan mengelola peningkatan tuntutan pengasuhan anak bekerja untuk rumah atau perubahan lain pada rutinitas anda yang biasa tentukan apakah anda memerlukan dukungan keuangan seperti manfaat tanggap darurat kanada atau suplemen sewa sementara bc jika pekerjaan anda dipengaruhi oleh covid   jika anda mengantisipasi suatu kebutuhan anda dapat menemukan instruksi aplikasi dan mengumpulkan dokumen apa pun atau informasi lainnya sebelumnya cari tahu bagaimana anda akan mengelola saat saat ketika anda merasa kewalahan atau putus asa seperti kegiatan yang menenangkan jumlah untuk dukungan lokal atau saluran krisis obrolan video dengan orang yang dicintai atau cara untuk terhubung dengan penyedia layanan kesehatan mental anda cari organisasi pendukung lokal kelompok lingkungan atau kelompok bantuan timbal balik jika anda membutuhkan bantuan atau dukungan tambahan atau ingin membantu orang lain di komunitas anda beberapa perencanaan akan langsung tetapi anda juga dapat menghadapi situasi atau waktu ketika lebih sulit untuk melihat solusi atau rencana tindakan yang baik ini adalah waktu yang tepat untuk mempraktikkan keterampilan pemecahan masalah pemecahan masalah adalah metode yang membantu anda memecah situasi yang rumit menjadi potongan potongan yang dapat dikelola mencari informasi yang realistis dan tidak memihak melakukan brainstorming solusi yang mungkin dan menguji solusi yang menurut anda mungkin bekerja dengan baik pemecahan masalah adalah keterampilan yang membantu tidak peduli apa lagi yang terjadi di dunia dan ini adalah pendekatan yang memberdayakan dan metodis ketika anda mungkin merasa kewalahan atau hilang lihat sumber daya berikut untuk informasi lebih lanjut tentang pemecahan masalah modul wellness   pemecahan masalah www heretohelp bc ca wellness module wellness module   problem polving lembar kerja pemecahan masalah dari anxiety canada www anxietycanada com sites default files problemsolving pdf pemecahan masalah yang efektif dalam buku kerja keterampilan antidepresan psychhealthandsafety org asw
bagaimana saya bisa menjaga hubungan sosial? bagaimana jika saya merasa kesepian?,banyak orang sendirian sekarang tetapi kita tidak harus kesepian kita semua dalam hal ini bersama meskipun anda mungkin terpisah secara fisik dari teman anggota keluarga dan orang orang terkasih lainnya tidak pernah lebih penting untuk mempertahankan koneksi sosial tersebut koneksi sosial adalah kesempatan untuk mencari dan berbagi dukungan berbicara melalui perasaan yang sulit berbagi tawa tetap mutakhir dengan orang yang dicintai dan saling membantu mengatasinya pandemi ini sangat banyak untuk ditangani sendiri sementara langkah langkah seperti penurunan fisik dan isolasi diri diperlukan untuk memperlambat penyebaran virus pemisahan fisik dapat memperkuat banyak emosi yang menantang seperti kesepian dan ketakutan pikirkan berbagai cara untuk terhubung yang paling berarti bagi anda misalnya anda mungkin lebih suka obrolan video daripada panggilan telepon atau anda mungkin lebih suka mengirim pesan teks sepanjang hari daripada satu waktu yang ditetapkan untuk panggilan video kemudian bekerja dengan jejaring sosial anda untuk membuat rencana anda dapat mengobrol video dengan teman dekat anda di malam hari dan menelepon anggota keluarga seminggu sekali ingatlah untuk memperhatikan orang orang yang mungkin tidak online check in melalui telepon dan tanyakan bagaimana anda dapat membantu kualitas koneksi sosial anda penting tanpa pikiran menggulir melalui media sosial dan menyukai beberapa posting biasanya tidak membangun koneksi sosial yang kuat pastikan anda fokus pada strategi yang benar benar membuat anda merasa termasuk dan terhubung jika strategi anda saat ini tidak membantu anda merasa terhubung lekukan masalah untuk melihat apakah anda dapat menemukan solusi semua orang merasa kesepian mungkin anda baru saja pindah ke kota baru mengubah lingkaran teman anda kehilangan seseorang yang penting dalam hidup anda atau kehilangan pekerjaan dan juga kehilangan koneksi sosial penting dengan rekan kerja orang lain mungkin memiliki koneksi fisik dengan orang lain tetapi mungkin merasa seperti kebutuhan emosional atau sosial mereka tidak terpenuhi langkah langkah seperti jarak sosial atau isolasi diri dapat membuat kesepian terasa lebih buruk tidak peduli mengapa anda merasa kesepian sekarang jangkau koneksi yang anda miliki sarankan cara untuk tetap berhubungan dan melihat apakah anda dapat mengatur waktu reguler untuk terhubung orang mungkin ragu untuk menjangkau banyak alasan berbeda jadi jangan takut menjadi orang yang bertanya cari kelompok pendukung masyarakat setempat dan kelompok bantuan timbal balik di media sosial pandemi ini menyatukan semua orang jadi cari peluang untuk membuat koneksi baru kelompok kelompok ini adalah cara yang bagus untuk berbagi keterampilan dan kemampuan anda atau mencari bantuan dan dukungan cari kelompok pendukung khusus grup pendukung bergerak secara online dan ada banyak jalur dukungan yang berbeda untuk dihubungi jika anda perlu berbicara dengan seseorang untuk menemukan layanan masyarakat di sm hubungi atau teks   atau kunjungi www bc  ca jika anda membutuhkan dukungan ekstra anda dapat berbicara dengan psikolog atau konselor secara gratis anda dapat mengakses panggilan telepon gratis dengan psikolog terdaftar melalui layanan dukungan psikologis covid   dari bc psychological association kunjungi www psychologists bc ca covid   sources anda dapat mengakses dukungan jangka pendek berbasis telepon dengan konselor dari kelompok baru yang disebut jaringan kesehatan mental bc covid   email bccovidtherapists gmail com untuk menerima waktu janji temu untuk kaum muda usia     anda dapat berbicara dengan seorang penasihat secara gratis melalui foundry virtual kunjungi foundrybc ca get support virtual hubungi jalur dukungan kesehatan mental bc di     ini tersedia     mengobrol online dengan sukarelawan pusat krisis di www crisiscentrechat ca setiap hari antara siang dan jam     pagi untuk orang dewasa yang lebih tua hubungi garis distress seniors di       untuk remaja dan dewasa muda mengobrol online dengan sukarelawan di www youthinbc com setiap hari antara siang dan jam     pagi untuk anak anak dan remaja hubungi anak anak bantuan telepon di         atau kunjungi kidshelpphone ca untuk tips tentang mengelola kesepian lihat sumber daya berikut mengatasi kesepian dari asosiasi kesehatan mental kanada cmha bc ca documents coping with loneliness loneliness and social connection issue visions journal di www heretohelp bc ca vision loneliness and social connection vol  wellness module   dukungan sosial di www heretohelp bc ca wellness module wellness module   social support
bagaimana saya dapat mengubah situasi dan menemukan perspektif yang lebih seimbang?,bagaimana anda berpikir tentang sesuatu berdampak pada perasaan dan perilaku anda ketika kita merasa stres marah atau takut sulit untuk melihat situasi secara realistis dan melihat semua opsi yang kita miliki ingat kita semua mengendalikan tindakan dan reaksi kita sendiri tidak peduli apa yang terjadi di dunia kita dapat menyebutnya melakukan sesuatu tentang pandemi ini orang orang sering melebih lebihkan bagian negatif perasaan mereka sendiri kemampuan mereka sendiri untuk mengelola situasi yang sulit atau situasi itu sendiri dan meremehkan bagian bagian positif kemampuan mereka sendiri untuk merawat diri mereka sendiri dan orang yang dicintai jaringan dukungan mereka dan peluang bagaimana pemikiran kita tidak akan pernah berhasil melewati ini membuat kamu merasa mungkin tidak terasa baik dan itu bahkan tidak benar menantang pikiran negatif dan tidak membantu dapat meningkatkan suasana hati anda memvalidasi kemampuan anda untuk melewati ini dan membantu anda melihat opsi atau peluang baru untuk tetap sehat berhenti dan perhatikan pikiran yang muncul bagaimana perasaan mereka apakah pikiran anda tampak realistis jika anda melihat situasi secara lebih objektif bagaimana anda bisa membingkai ulang pemikiran untuk membuatnya lebih produktif atau penuh harapan dapatkah anda menemukan aspek positif atau memikirkan cara cara baru untuk mendekati situasi berikut adalah beberapa contoh saya sangat marah karena acara saya dibatalkan ini menyebalkan aku tahu ini adalah pilihan yang lebih aman untuk semua orang ketika dijadwal ulang aku akan lebih menikmatinya karena aku tidak perlu khawatir sakit atau menyebarkan penyakit aku benci menghabiskan begitu banyak waktu di rumah ini sangat membosankan saya melakukan bagian saya untuk menjaga tetangga saya tetap aman ini sepadan karena membuat orang tetap sehat aku mengalami kesulitan membiasakan diri dengan jadwal baru saya ini sangat membuat frustrasi saya akan terbiasa dengan ini segera sama seperti saya beradaptasi terakhir kali saya harus mengubah jadwal saya sekarang saya lebih banyak di rumah saya akan memiliki lebih banyak waktu untuk menyelesaikan proyek yang belum pernah saya sentuh dalam beberapa bulan dan saya senang melihat hasil akhirnya aku benar benar takut dan aku tidak tahu harus berbuat apa aku merasa sangat kewalahan sekarang masuk akal jika saya merasa takut orang orang sakit dan kami tidak tahu kapan segalanya akan kembali normal tetapi ada banyak hal yang dapat saya lakukan untuk tetap sehat dan saya akan melakukan riset jadi saya bisa melakukan yang terbaik ketika saya fokus pada hal hal yang bisa saya lakukan semuanya terasa lebih mudah dikelola kita akan terjebak di dalam selamanya aku sudah muak dengan ini saya mengerti bahwa perlu waktu untuk mengelola covid   dan saya percaya bahwa para profesional perawatan kesehatan dan ilmuwan bekerja secepat mungkin saya tahu ini pada akhirnya akan berakhir dan hidup akan kembali normal tujuannya bukan untuk mengabaikan bagian situasi yang buruk atau tidak nyaman atau menyangkal bahwa ada masalah sebaliknya latihan ini dapat membantu anda memahami situasi lebih realistis dan melihat bagian bagian yang dapat anda kendalikan sekarang 
"bagaimana saya bisa menemukan dokter, psikiater, psikolog, atau konselor?",untuk menemukan dokter keluarga dokter umum kunjungi college of physicians dan surgeons of bc untuk menggunakan alat find physician mereka anda juga dapat menemui dokter keluarga di klinik walk in lokal meskipun sangat membantu untuk menemukan dokter biasa jika anda memiliki kebutuhan perawatan yang berkelanjutan anda juga dapat menemukan psikiater melalui college of physicians and surgeons of bc ketahuilah bahwa anda hampir selalu membutuhkan rujukan dokter untuk menemui psikiater anda dapat menemukan psikolog terdaftar melalui bc psychological association dan college of psychologists of bc untuk menemukan konselor klinis kunjungi asosiasi konselor klinis bc untuk lebih lanjut tentang perbedaan antara penyedia layanan ini lihat artikel jalur yang benar untuk anda menemukan jalan ke dan melalui layanan di bc dari finding the right help menavigasi sistem sistem visions journal 
bagaimana saya bisa menemui psikolog?,untuk menemukan psikolog terdaftar kunjungi bc psychological association anda dapat membuat janji sendiri anda tidak perlu rujukan dokter untuk menemui psikolog psikolog terdaftar biasanya tidak ditanggung oleh msp jadi anda harus membayar sendiri biaya janji temu program bantuan kesehatan yang diperpanjang di tempat kerja atau program bantuan karyawan keluarga dapat mencakup beberapa biaya beberapa psikolog menawarkan skala geser berdasarkan penghasilan anda jika anda menghadapi kesulitan keuangan anda dapat bertanya kapan anda membuat janji temu jika anda ingin mempelajari lebih lanjut tentang opsi berbiaya rendah untuk mengakses konseling meskipun tidak biasanya oleh psikolog terdaftar email kami dengan lokasi anda dan informasi dan tim referensi kami dapat melihat opsi apa yang mungkin ada di komunitas anda jika anda melihat seorang psikolog terdaftar melalui pusat kesehatan mental publik seperti tim kesehatan mental atau program psikiatri rawat jalan itu masih akan dicakup oleh msp bicaralah dengan penyedia perawatan anda jika anda memiliki pertanyaan atau ingin mempelajari lebih lanjut 
di mana saya dapat menemukan layanan kesehatan mental anak dan remaja?,untuk mencari bantuan untuk anak atau remaja anda dapat dorong anak anda untuk berbicara dengan seorang guru atau penasihat sekolah bicaralah dengan dokter keluarga atau dokter anak anda atau pergi ke klinik walk in hubungi kantor kesehatan mental anak pemuda setempat di salah satu hari walk in mereka gunakan alat bantuan kesehatan mental kelty untuk menemukan layanan dan penyedia layanan tertentu hubungi institute of families for child dan remaja remaja tinggal di residence atau parent in residence untuk bimbingan informasi dan dukungan tempat tinggal remaja dan orang tua yang berada di sekitar provinsi jika anda tidak memiliki satu di komunitas anda orang tua atau pemuda yang tinggal di pusat sumber daya kesehatan mental kelty dapat membantu anda melalui telepon atau email kunjungi www familysmart ca untuk informasi dan sumber daya tentang kesehatan mental anak dan remaja untuk kaum muda usia     kunjungi foundrybc ca untuk melihat apakah ada pusat pengecoran di daerah anda foundry menawarkan perawatan kesehatan mental yang mudah diakses perawatan kesehatan fisik layanan sosial dan dukungan dari satu kantor 
di mana lansia dapat memperoleh bantuan untuk masalah kesehatan mental?,masalah kesehatan mental adalah masalah serius pada usia berapa pun dan semua orang layak mendapatkan bantuan dan dukungan jika anda khawatir tentang kesehatan mental anda anda dapat bicaralah dengan dokter keluarga anda atau pergi ke klinik walk in hubungi jalur dukungan kesehatan mental di     tidak ada kode area untuk informasi tentang layanan di daerah anda temukan pusat atau program kesehatan mental lokal anda di www gov bc ca mentalhealth anda mungkin memerlukan rujukan dokter untuk mengakses beberapa program temukan cabang asosiasi kesehatan mental lokal anda di www cmha bc ca dan minta informasi tentang layanan lokal hubungi organisasi dukungan atau kelompok senior lokal dan minta nasihat anda dapat mencari organisasi di www bc  ca untuk informasi umum tentang kesehatan mental senior temukan sumber daya dari koalisi kanada untuk kesehatan mental lansia di www ccsmh ca temukan lembar info di seri senior dan depresi di www heretohelp bc ca factsheet seniors and series series jika anda khawatir tentang orang yang dicintai jujurlah tentang kekhawatiran anda seperti perubahan yang anda perhatikan atau masalah yang muncul beri orang yang anda cintai kesempatan untuk berbicara tentang perspektif mereka mereka mungkin memiliki masalah yang berbeda atau memiliki prioritas yang berbeda dalam perawatan kesehatan mereka bersabarlah mungkin akan membutuhkan lebih dari satu percakapan bilamana memungkinkan bertujuan untuk kerja sama fokus pada menemukan tindakan atau solusi yang dapat disetujui semua orang ingatlah bahwa meminta bantuan itu sulit bagi banyak dari kita dan itu bisa lebih sulit ketika peran dan kemampuan orang berubah jika orang yang anda cintai tidak mau membicarakan pengalaman mereka dengan anda segera tawarkan alternatif seperti bc mental health support line     tidak ada kode area yang diperlukan garis distress senior       atau atau organisasi dukungan senior lokal cari organisasi di www bc  ca cari dukungan untuk mengelola harapan anda dan kesejahteraan anda sendiri sangat menegangkan melihat orang yang dicintai mengalami masalah kesehatan tetapi orang dewasa yang dapat merawat diri sendiri dan tidak berisiko bahaya bebas untuk membuat pilihan sendiri dan itu termasuk bantuan menolak
di mana saya dapat menemukan materi bantuan mandiri untuk depresi?,sumber daya swadaya bukan pengganti diagnosis atau perawatan jika anda memiliki kekhawatiran tentang suasana hati yang rendah yang terbaik adalah berbicara dengan dokter anda terlebih dahulu dan mengesampingkan penyebab fisik untuk gejala anda namun begitu anda memeriksa dengan dokter anda materi swadaya dapat menjadi cara yang bagus untuk mempelajari lebih lanjut tentang depresi dan mempraktikkan keterampilan yang berbeda dengan kecepatan anda sendiri atau di sela sela sesi perawatan berikut adalah beberapa sumber daya untuk check out buku kerja keterampilan antidepresan diciptakan oleh dua psikolog sm anda akan belajar lebih banyak tentang depresi belajar dan mempraktikkan keterampilan yang berbeda untuk membantu meningkatkan suasana hati anda dan belajar seberapa sehat perubahan di bagian lain kehidupan anda dapat memengaruhi suasana hati anda mereka juga memiliki buku kerja serupa untuk grup tertentu berurusan dengan depresi keterampilan antidepresan untuk remaja buku kerja untuk orang yang mengalami masalah dengan depresi di tempat kerja yang disebut keterampilan antidepresan di tempat kerja menangani masalah suasana hati di tempat kerja buku kerja untuk mengharapkan atau ibu baru yang disebut mengelola depresi sumber daya keterampilan swadaya untuk wanita yang hidup dengan depresi selama kehamilan setelah melampaui dan seterusnya buku kerja untuk orang yang mengalami masalah kesehatan yang disebut coping positif dengan kondisi kesehatan buku kerja perawatan diri di situs heretohelp seri depresi pengelola kami menawarkan tiga lembar info berurusan dengan diagnosis depresi bekerja dengan dokter anda untuk depresi dan mencegah kekambuhan depresi serial ini membantu anda menjadi mitra aktif dalam perawatan kesehatan anda membangun keterampilan koping yang sehat dan strategi manajemen diri dan banyak lagi seringkali depresi dapat memengaruhi konsentrasi dan motivasi anda untuk bekerja melalui materi swadaya sendiri jika anda menyukai materi swadaya dengan sedikit dukungan ekstra dari seseorang bangkit kembali rebut kembali kesehatan anda adalah program swadaya berpemandu untuk british columbian yang mengalami depresi ringan hingga sedang suasana hati stres atau kecemasan yang rendah anda bisa mendapatkan dvd tips untuk membantu anda mengenali dan mengelola gejala depresi atau anda dapat mempelajari lebih banyak keterampilan mendalam dalam serangkaian buku kerja yang anda selesaikan di rumah anda juga bekerja dengan pelatih terlatih dari asosiasi kesehatan mental kanada yang akan menawarkan dukungan dan saran melalui konferensi telepon atau video bounce back gratis dengan rujukan dokter untuk informasi lebih lanjut kunjungi www bouncingbackbc ca jika anda ingin mengakses materi bouncing kembali tanpa pelatih atau rujukan anda dapat melakukannya secara online di bc di www bouncebackonline ca asosiasi gangguan suasana hati bc memiliki sejumlah video tentang kesehatan mental mencari bantuan dan topik lainnya pusat sumber daya kesehatan mental kelty juga memelihara daftar situs web toolkit buku dan sumber daya lainnya yang komprehensif untuk kaum muda dan keluarga kepala jepit menawarkan tips dan strategi untuk strategi hidup sehat untuk pria yang mengalami depresi program kesehatan mental reproduksi bc dari layanan kesehatan mental bc dan penggunaan narkoba memiliki panduan manajemen diri untuk wanita yang mengalami depresi pascapersalinan yang disebut mengatasi depresi pada kehamilan dan setelah kelahiran mereka juga memiliki panduan untuk wanita aborigin dan keluarga mereka yang disebut merayakan lingkaran kehidupan kembali ke keseimbangan dan harmoni sumber daya berikut didasarkan di luar bc tetapi mereka menawarkan banyak informasi yang baik program pelatihan moodgym adalah kursus swadaya berbasis web untuk orang yang mengalami depresi ini berbasis di australia tetapi tersedia secara gratis untuk siapa saja moodjuice adalah inisiatif inggris yang menawarkan buku kerja swadaya termasuk satu untuk depresi ada banyak buku dan buku kerja yang tersedia untuk membantu orang yang mengalami depresi bicaralah dengan tim perawatan kesehatan mental anda untuk rekomendasi anda dapat menemukan banyak dari toko buku lokal atau toko buku khusus yang berspesialisasi dalam kesehatan mental seperti buku buku odin di vancouver anda juga dapat memesan secara online di british columbia anda juga dapat meminjam buku secara gratis dari dukungan keluarga dan pusat sumber daya di rumah sakit anak anak dan wanita mereka memiliki banyak swadaya dan materi referensi tentang depresi untuk wanita dan pasangan mereka untuk orang tua dan untuk anak anak dan remaja 
